City_ID,City,Country,Date,Lat,Lng,Max Temp,Humidity,Cloudiness,Wind Speed
0,Busselton,AU,2022-10-18 00:22:37,-33.65,115.3333,56.14,75,1,4.65
1,Byron Bay,AU,2022-10-18 00:23:07,-28.65,153.6167,68.7,77,84,7.7
2,Margate,GB,2022-10-18 00:24:28,51.3813,1.3862,54.3,91,85,1.01
3,Cape Town,ZA,2022-10-18 00:11:52,-33.9258,18.4232,63.91,75,83,8.99
4,Strelka,RU,2022-10-18 00:24:28,58.0728,93.0344,35.28,98,100,6.62
5,Saint-Philippe,RE,2022-10-18 00:24:29,-21.3585,55.7679,65.79,80,39,8.52
6,Batagay,RU,2022-10-18 00:24:29,67.6333,134.6333,7.48,99,97,1.57
7,Sabang,ID,2022-10-18 00:24:29,5.8933,95.3214,80.51,78,100,18.61
8,Qaanaaq,GL,2022-10-18 00:24:30,77.484,-69.3632,6.1,74,100,4.68
9,Ushuaia,AR,2022-10-18 00:21:25,-54.8,-68.3,44.26,81,100,12.66
10,Nikolskoye,RU,2022-10-18 00:21:24,59.7035,30.7861,48.09,89,100,7.92
11,Rikitea,PF,2022-10-18 00:19:59,-23.1203,-134.9692,68.68,68,31,18.25
12,Yellowknife,CA,2022-10-18 00:22:27,62.456,-114.3525,45.12,70,20,12.66
13,Chuy,UY,2022-10-18 00:23:48,-33.6971,-53.4616,59.52,78,45,13.85
14,Miyazu,JP,2022-10-18 00:24:31,35.5333,135.1833,55.6,90,100,11.95
15,Puerto Ayora,EC,2022-10-18 00:14:05,-0.7393,-90.3518,66.54,85,87,1.99
16,Butaritari,KI,2022-10-18 00:24:31,3.0707,172.7902,81.88,74,27,18.12
17,Launceston,AU,2022-10-18 00:24:31,-41.45,147.1667,58.8,67,75,11.5
18,Hermanus,ZA,2022-10-18 00:24:32,-34.4187,19.2345,57.79,91,80,5.64
19,Bluff,NZ,2022-10-18 00:24:32,-46.6,168.3333,48.61,65,70,24.74
20,Esperance,AU,2022-10-18 00:16:30,-33.8667,121.9,59.92,67,4,11.18
21,Punta Arenas,CL,2022-10-18 00:24:00,-53.15,-70.9167,50.11,71,75,8.05
22,Havelock,US,2022-10-18 00:24:33,34.8791,-76.9013,73.96,86,0,13.8
23,Ilulissat,GL,2022-10-18 00:24:33,69.2167,-51.1,39.22,93,100,2.3
24,Dundalk,US,2022-10-18 00:24:04,39.2507,-76.5205,59.11,85,40,0.0
25,Jamestown,US,2022-10-18 00:22:27,42.097,-79.2353,40.59,72,0,14.97
26,Tautira,PF,2022-10-18 00:24:34,-17.7333,-149.15,76.32,80,51,18.48
27,Carnarvon,AU,2022-10-18 00:15:40,-24.8667,113.6333,67.62,41,0,17.36
28,Kaitangata,NZ,2022-10-18 00:24:34,-46.2817,169.8464,52.16,50,68,14.12
29,Centralina,BR,2022-10-18 00:24:34,-18.5839,-49.1994,81.5,33,39,6.04
30,Quelimane,MZ,2022-10-18 00:24:35,-17.8786,36.8883,75.15,88,0,2.3
31,Castro,BR,2022-10-18 00:15:33,-24.7911,-50.0119,60.51,96,86,9.93
32,Sinnamary,GF,2022-10-18 00:24:36,5.3833,-52.95,78.96,87,17,9.01
33,Tailai,CN,2022-10-18 00:24:36,46.3833,123.4,36.0,33,0,5.44
34,Thompson,CA,2022-10-18 00:24:37,55.7435,-97.8558,30.36,59,75,3.44
35,Hilo,US,2022-10-18 00:15:36,19.7297,-155.09,91.27,75,40,8.05
36,North Platte,US,2022-10-18 00:19:59,41.1239,-100.7654,53.49,38,0,9.22
37,Yulara,AU,2022-10-18 00:24:37,-25.2406,130.9889,66.43,35,0,21.14
38,Sitka,US,2022-10-18 00:24:13,57.0531,-135.33,57.09,82,0,4.61
39,Coquimbo,CL,2022-10-18 00:23:17,-29.9533,-71.3436,53.33,93,20,6.91
40,Upernavik,GL,2022-10-18 00:16:28,72.7868,-56.1549,38.53,89,100,33.8
41,East London,ZA,2022-10-18 00:15:03,-33.0153,27.9116,66.69,89,2,4.14
42,Steinbach,DE,2022-10-18 00:24:38,50.1667,8.5667,64.02,100,20,1.14
43,Cookeville,US,2022-10-18 00:24:38,36.1628,-85.5016,48.65,48,0,6.91
44,Atuona,PF,2022-10-18 00:22:30,-9.8,-139.0333,76.78,73,31,12.03
45,Avarua,CK,2022-10-18 00:21:14,-21.2078,-159.775,80.65,61,75,18.41
46,Port Elizabeth,ZA,2022-10-18 00:25:39,-33.918,25.5701,63.32,92,75,8.05
47,Geraldton,AU,2022-10-18 00:25:39,-28.7667,114.6,63.01,63,0,12.66
48,Itaituba,BR,2022-10-18 00:25:39,-4.2761,-55.9836,74.73,98,92,1.43
49,Sumbe,AO,2022-10-18 00:25:40,-11.2061,13.8437,74.79,87,42,7.09
50,Concarneau,FR,2022-10-18 00:25:40,47.875,-3.9225,59.79,95,11,6.71
51,Kapaa,US,2022-10-18 00:25:41,22.0752,-159.319,84.18,68,0,9.22
52,Airai,TL,2022-10-18 00:25:41,-8.9266,125.4092,70.16,73,93,1.39
53,Richards Bay,ZA,2022-10-18 00:23:45,-28.783,32.0377,72.05,83,79,9.84
54,Vanimo,PG,2022-10-18 00:21:13,-2.6741,141.3028,84.54,70,94,4.25
55,Barrow,US,2022-10-18 00:25:42,71.2906,-156.7887,28.42,80,100,11.5
56,Erenhot,CN,2022-10-18 00:25:42,43.6475,111.9767,35.92,24,0,9.28
57,Hvolsvollur,IS,2022-10-18 00:25:42,63.7533,-20.2243,33.67,88,39,1.61
58,Santa Cruz,BO,2022-10-18 00:22:17,-17.8,-63.1667,80.06,69,40,3.44
59,Mataura,NZ,2022-10-18 00:25:43,-46.1927,168.8643,50.88,59,62,9.98
60,Souillac,MU,2022-10-18 00:25:43,-20.5167,57.5167,70.07,68,43,10.18
61,New Norfolk,AU,2022-10-18 00:17:51,-42.7826,147.0587,60.93,51,100,4.07
62,Albany,US,2022-10-18 00:24:44,42.6001,-73.9662,54.43,94,100,3.15
63,Valley City,US,2022-10-18 00:25:03,46.9233,-98.0032,27.12,39,0,3.44
64,Vitim,RU,2022-10-18 00:25:44,59.4511,112.5578,26.8,74,99,4.43
65,Arvika,SE,2022-10-18 00:25:44,59.6553,12.5852,45.21,97,100,1.72
66,Jutai,BR,2022-10-18 00:25:44,-5.1833,-68.9,76.3,88,98,0.22
67,Kaitong,CN,2022-10-18 00:25:45,44.8135,123.15,37.13,34,0,5.55
68,Severo-Kurilsk,RU,2022-10-18 00:25:45,50.6789,156.125,43.83,75,85,30.02
69,Hithadhoo,MV,2022-10-18 00:25:45,-0.6,73.0833,80.64,69,100,4.61
70,Durango,MX,2022-10-18 00:23:36,24.8333,-104.8333,72.82,45,33,2.57
71,Port Hawkesbury,CA,2022-10-18 00:25:46,45.6169,-61.3485,54.18,96,75,5.99
72,Lagoa,PT,2022-10-18 00:25:47,39.05,-27.9833,62.08,60,86,27.98
73,Aykhal,RU,2022-10-18 00:25:47,66.0,111.5,17.85,96,100,4.18
74,Aklavik,CA,2022-10-18 00:25:48,68.2191,-135.0107,28.2,89,100,4.23
75,Duku,NG,2022-10-18 00:25:48,11.2361,4.9073,74.37,51,24,1.77
76,Lebu,CL,2022-10-18 00:25:48,-37.6167,-73.65,54.0,96,70,5.48
77,Flagstaff,US,2022-10-18 00:25:31,35.1981,-111.6513,55.6,66,40,6.91
78,Vaini,TO,2022-10-18 00:25:49,-21.2,-175.2,84.36,79,40,12.66
79,Mahebourg,MU,2022-10-18 00:25:49,-20.4081,57.7,66.25,69,33,10.31
80,Salalah,OM,2022-10-18 00:25:50,17.0151,54.0924,75.29,57,0,3.44
81,Domoni,KM,2022-10-18 00:25:50,-12.2569,44.5319,74.59,83,25,4.12
82,Kodiak,US,2022-10-18 00:25:50,57.79,-152.4072,51.31,71,40,10.36
83,Fortuna,US,2022-10-18 00:25:51,40.5982,-124.1573,68.94,70,40,12.66
84,Tasiilaq,GL,2022-10-18 00:17:45,65.6145,-37.6368,32.16,64,94,4.18
85,Mena,UA,2022-10-18 00:25:52,51.5217,32.2157,45.12,81,63,6.91
86,Vigrestad,NO,2022-10-18 00:25:53,58.5667,5.7,53.28,86,68,17.83
87,Tokur,RU,2022-10-18 00:25:54,53.1333,132.9,24.39,58,57,3.02
88,Caldwell,US,2022-10-18 00:23:41,43.6629,-116.6874,76.87,22,0,5.75
89,Longyearbyen,SJ,2022-10-18 00:13:39,78.2186,15.6401,19.24,86,20,8.05
90,Mount Gambier,AU,2022-10-18 00:26:54,-37.8333,140.7667,62.65,56,100,6.93
91,Maniwaki,CA,2022-10-18 00:26:55,46.3834,-75.966,46.78,93,100,4.61
92,Teguise,ES,2022-10-18 00:26:55,29.0605,-13.564,68.22,83,0,4.61
93,Vizinga,RU,2022-10-18 00:26:55,61.0749,50.1031,42.03,88,100,9.35
94,Arraial Do Cabo,BR,2022-10-18 00:26:55,-22.9661,-42.0278,73.36,88,0,13.8
95,Opuwo,NA,2022-10-18 00:26:56,-18.0607,13.84,65.44,48,0,3.58
96,Hasaki,JP,2022-10-18 00:26:56,35.7333,140.8333,60.22,87,100,28.97
97,Toora-Khem,RU,2022-10-18 00:26:56,52.4675,96.11,32.47,66,98,1.1
98,San Pedro,PH,2022-10-18 00:26:57,14.35,121.0167,84.34,74,40,2.3
99,Lahij,YE,2022-10-18 00:26:57,13.1667,44.5833,74.91,75,0,3.04
100,Huilong,CN,2022-10-18 00:26:57,31.8111,121.655,62.92,52,26,15.84
101,Charters Towers,AU,2022-10-18 00:26:58,-20.1,146.2667,84.61,47,30,17.69
102,Moree,AU,2022-10-18 00:26:58,-29.4667,149.85,73.04,56,55,14.7
103,Abu Dhabi,AE,2022-10-18 00:23:03,24.4667,54.3667,84.22,88,99,2.3
104,Molochnyy,RU,2022-10-18 00:26:58,68.8539,33.0205,39.76,93,40,6.71
105,Avenal,US,2022-10-18 00:23:05,36.0041,-120.129,78.57,32,38,3.94
106,Jiuquan,CN,2022-10-18 00:26:59,39.7432,98.5174,43.61,22,0,3.04
107,Torbay,CA,2022-10-18 00:15:11,47.6666,-52.7314,60.58,96,100,4.61
108,Leningradskiy,RU,2022-10-18 00:26:59,69.3833,178.4167,17.42,90,100,6.42
109,Lasa,IT,2022-10-18 00:26:59,46.6166,10.7002,48.36,78,16,2.13
110,Evensk,RU,2022-10-18 00:27:00,61.95,159.2333,23.0,72,100,27.78
111,Guerrero Negro,MX,2022-10-18 00:27:00,27.9769,-114.0611,74.08,67,0,15.19
112,Yumen,CN,2022-10-18 00:27:00,40.2833,97.2,43.45,20,0,4.27
113,Balabac,PH,2022-10-18 00:27:01,7.9868,117.0645,81.27,81,100,16.13
114,Arlit,NE,2022-10-18 00:27:01,18.7369,7.3853,83.23,22,0,11.77
115,Hami,CN,2022-10-18 00:27:01,42.8,93.45,51.4,25,42,0.72
116,Port Alfred,ZA,2022-10-18 00:26:56,-33.5906,26.891,61.18,95,42,1.99
117,Sorland,NO,2022-10-18 00:27:02,67.667,12.6934,42.66,64,100,15.82
118,Maryborough,AU,2022-10-18 00:27:02,-25.5333,152.7,74.1,57,39,8.14
119,Road Town,VG,2022-10-18 00:27:03,18.4167,-64.6167,82.49,83,20,2.3
120,Pevek,RU,2022-10-18 00:27:03,69.7008,170.3133,4.14,94,72,5.23
121,Chifeng,CN,2022-10-18 00:27:02,42.2683,118.9636,36.79,26,0,6.38
122,Buchanan,LR,2022-10-18 00:27:04,5.8808,-10.0467,75.81,90,32,2.91
123,Cidreira,BR,2022-10-18 00:27:04,-30.1811,-50.2056,64.35,91,90,18.19
124,Carthage,TN,2022-10-18 00:27:04,36.8611,10.3316,71.13,88,20,3.44
125,Jubbal,IN,2022-10-18 00:27:05,31.1167,77.6667,44.6,79,0,3.2
126,Odweyne,SO,2022-10-18 00:27:05,9.4092,45.064,68.85,49,24,2.86
127,Jalu,LY,2022-10-18 00:27:05,29.0331,21.5482,64.38,68,7,9.69
128,Carpinteria,US,2022-10-18 00:27:05,34.3989,-119.5185,84.34,65,15,1.99
129,Zelenoborsk,RU,2022-10-18 00:27:06,61.4669,64.0333,39.92,94,99,7.52
130,Seymchan,RU,2022-10-18 00:27:06,62.8833,152.4333,2.34,91,94,5.26
131,Ponta Do Sol,PT,2022-10-18 00:26:57,32.6667,-17.1,74.01,84,47,12.59
132,Pisco,PE,2022-10-18 00:24:55,-13.7,-76.2167,60.85,82,20,14.97
133,Cherskiy,RU,2022-10-18 00:27:07,68.75,161.3,-0.6,93,71,3.49
134,Broome,US,2022-10-18 00:27:07,42.2506,-75.833,50.38,70,75,16.11
135,Bredasdorp,ZA,2022-10-18 00:22:26,-34.5322,20.0403,58.82,97,73,1.19
136,Shenjiamen,CN,2022-10-18 00:28:08,29.9576,122.298,63.12,60,25,21.92
137,Faanui,PF,2022-10-18 00:28:08,-16.4833,-151.75,77.76,79,18,16.06
138,Turan,VN,2022-10-18 00:28:08,16.0678,108.2208,80.58,61,75,3.44
139,Hofn,IS,2022-10-18 00:28:09,64.2539,-15.2082,39.56,68,100,4.9
140,Khatanga,RU,2022-10-18 00:24:16,71.9667,102.5,20.43,97,100,6.58
141,Parintins,BR,2022-10-18 00:26:09,-2.6283,-56.7358,74.93,94,83,1.81
142,Grindavik,IS,2022-10-18 00:28:09,63.8424,-22.4338,37.87,81,20,4.61
143,Mar Del Plata,AR,2022-10-18 00:27:04,-38.0023,-57.5575,57.09,85,0,14.0
144,Katsuura,JP,2022-10-18 00:28:10,35.1333,140.3,60.82,90,100,15.57
145,Vao,NC,2022-10-18 00:28:10,-22.6667,167.4833,73.36,73,84,4.83
146,Thinadhoo,MV,2022-10-18 00:28:10,0.5333,72.9333,81.81,64,100,7.47
147,Severodvinsk,RU,2022-10-18 00:28:11,64.5635,39.8302,42.91,93,100,17.07
148,Oranjemund,NA,2022-10-18 00:28:11,-28.55,16.4333,58.8,89,28,6.69
149,Trincomalee,LK,2022-10-18 00:28:11,8.5711,81.2335,78.22,84,100,16.4
150,Provideniya,RU,2022-10-18 00:28:12,64.3833,-173.3,33.91,75,100,11.18
151,Tuatapere,NZ,2022-10-18 00:28:12,-46.1333,167.6833,50.95,58,56,13.47
152,Tuktoyaktuk,CA,2022-10-18 00:28:13,69.4541,-133.0374,28.4,93,100,5.75
153,Kharakvasla,IN,2022-10-18 00:28:13,18.4333,73.7667,71.04,92,100,1.41
154,Victoria,HK,2022-10-18 00:24:09,22.2855,114.1577,73.18,66,100,15.01
155,Fort Nelson,CA,2022-10-18 00:28:13,58.8053,-122.7002,56.79,47,75,8.05
156,Jambi,ID,2022-10-18 00:28:14,-1.6,103.6167,76.32,94,100,1.77
157,Avera,US,2022-10-18 00:28:09,33.194,-82.5271,71.65,59,56,10.67
158,Chapais,CA,2022-10-18 00:28:14,49.7834,-74.8492,46.18,68,100,10.49
159,Koutsouras,GR,2022-10-18 00:24:48,35.0339,25.9469,67.1,71,16,18.81
160,Troitsko-Pechorsk,RU,2022-10-18 00:28:15,62.7084,56.1964,41.36,89,100,9.78
161,Castanos,MX,2022-10-18 00:28:15,26.7833,-101.4167,62.19,88,100,10.36
162,Nanakuli,US,2022-10-18 00:28:15,21.3906,-158.1547,87.87,56,75,6.91
163,Touros,BR,2022-10-18 00:28:16,-5.1989,-35.4608,77.63,78,77,16.71
164,Tura,IN,2022-10-18 00:28:16,25.5198,90.2201,67.91,95,3,2.84
165,Bubaque,GW,2022-10-18 00:28:16,11.2833,-15.8333,80.98,78,96,8.14
166,Poum,NC,2022-10-18 00:28:17,-20.2333,164.0167,75.72,73,1,5.12
167,Constitucion,CL,2022-10-18 00:28:17,-35.3333,-72.4167,52.92,83,69,4.92
168,Solnechnyy,RU,2022-10-18 00:28:18,50.7214,136.6319,35.29,53,20,1.88
169,Sao Joao Da Barra,BR,2022-10-18 00:28:18,-21.6403,-41.0511,75.29,88,94,16.73
170,Santa Margherita Ligure,IT,2022-10-18 00:28:18,44.3346,9.212,68.49,80,47,1.01
171,Lata,PT,2022-10-18 00:28:19,40.1629,-8.3327,59.07,77,8,3.98
172,Kahului,US,2022-10-18 00:24:55,20.8947,-156.47,89.62,62,40,19.57
173,Yaan,NG,2022-10-18 00:28:19,7.3833,8.5667,75.58,83,95,3.56
174,Georgetown,MY,2022-10-18 00:27:03,5.4112,100.3354,80.53,87,20,3.44
175,Isangel,VU,2022-10-18 00:28:19,-19.55,169.2667,84.31,84,75,2.3
176,Petropavlovsk-Kamchatskiy,RU,2022-10-18 00:28:20,53.0452,158.6483,41.59,100,75,2.24
177,Russell,US,2022-10-18 00:28:20,32.3502,-85.1999,71.2,82,0,0.0
178,Kloulklubed,PW,2022-10-18 00:28:20,7.0419,134.2556,84.7,74,84,11.68
179,Cerrito,CO,2022-10-18 00:28:21,6.8432,-72.694,55.31,93,100,2.26
180,Chokurdakh,RU,2022-10-18 00:28:13,70.6333,147.9167,14.99,96,99,8.08
181,Arinos,BR,2022-10-18 00:29:21,-15.9169,-46.1056,76.86,31,3,3.33
182,Lukh,RU,2022-10-18 00:29:22,57.0124,42.2584,45.99,83,74,12.95
183,Saint George,US,2022-10-18 00:29:22,37.1041,-113.5841,83.43,21,0,1.01
184,Victor Harbor,AU,2022-10-18 00:29:22,-35.5667,138.6167,66.0,73,100,10.02
185,Narsaq,GL,2022-10-18 00:29:23,60.9167,-46.05,30.42,73,100,3.8
186,Bengkulu,ID,2022-10-18 00:29:23,-3.8004,102.2655,76.15,88,100,3.6
187,Malysheva,RU,2022-10-18 00:29:23,57.1185,61.4035,39.13,86,58,9.1
188,Kokopo,PG,2022-10-18 00:29:24,-4.352,152.2633,84.81,67,90,4.36
189,Dikson,RU,2022-10-18 00:22:31,73.5069,80.5464,32.47,98,100,25.61
190,Nouadhibou,MR,2022-10-18 00:29:24,20.931,-17.0347,73.38,73,94,19.19
191,Gat,IL,2022-10-18 00:29:24,31.61,34.7642,71.4,79,1,0.36
192,Comitan,MX,2022-10-18 00:29:25,16.25,-92.1333,61.93,94,100,2.8
193,Juneau,US,2022-10-18 00:29:25,58.3019,-134.4197,53.6,94,20,10.36
194,Arman,RU,2022-10-18 00:29:25,59.7,150.1667,22.03,55,85,15.9
195,Cardoso,BR,2022-10-18 00:29:26,-20.0819,-49.9142,82.49,35,89,6.42
196,Rawah,IQ,2022-10-18 00:29:26,34.4816,41.9093,75.29,20,19,5.06
197,Taksimo,RU,2022-10-18 00:29:26,56.3444,114.8794,19.06,81,82,0.65
198,La Uvita,CO,2022-10-18 00:29:27,6.3168,-72.5603,56.26,95,96,1.25
199,Manaure,CO,2022-10-18 00:29:27,11.7751,-72.4445,83.3,77,86,12.64
200,Cayenne,GF,2022-10-18 00:25:42,4.9333,-52.3333,77.04,88,20,0.0
201,Griffith,US,2022-10-18 00:29:28,41.5284,-87.4237,41.11,70,100,17.27
202,Lubango,AO,2022-10-18 00:29:28,-14.9172,13.4925,61.63,76,73,0.83
203,Moron,AR,2022-10-18 00:29:28,-34.6534,-58.6198,61.99,84,52,12.88
204,Aasiaat,GL,2022-10-18 00:29:29,68.7098,-52.8699,35.55,95,100,6.64
205,Fort Carson,US,2022-10-18 00:29:29,38.7375,-104.7889,59.77,44,0,9.22
206,Romblon,PH,2022-10-18 00:29:29,12.5751,122.2708,83.14,76,77,15.48
207,Ihosy,MG,2022-10-18 00:29:30,-22.4,46.1167,61.36,81,45,8.12
208,Dingle,PH,2022-10-18 00:29:30,10.9995,122.6711,78.94,87,100,8.55
209,Nioro,GM,2022-10-18 00:29:30,13.35,-15.75,76.96,88,34,5.7
210,Saldanha,ZA,2022-10-18 00:26:59,-33.0117,17.9442,59.05,92,97,10.51
211,Bethel,US,2022-10-18 00:28:19,41.3712,-73.414,60.69,85,100,3.44
212,Bima,ID,2022-10-18 00:29:31,-8.4667,118.7167,84.54,69,100,3.06
213,Hay River,CA,2022-10-18 00:28:34,60.8156,-115.7999,58.98,44,20,6.91
214,Hualmay,PE,2022-10-18 00:29:31,-11.0964,-77.6139,63.01,78,37,10.47
215,Kavaratti,IN,2022-10-18 00:29:32,10.5669,72.642,77.59,92,100,18.14
216,Sanghar,PK,2022-10-18 00:29:32,26.0466,68.9481,76.95,27,0,6.38
217,Saskylakh,RU,2022-10-18 00:29:32,71.9167,114.0833,-0.94,100,90,4.21
218,Matagami,CA,2022-10-18 00:29:17,49.7502,-77.6328,42.91,93,100,6.91
219,Grand-Lahou,CI,2022-10-18 00:29:33,5.1367,-5.0242,76.89,88,88,4.18
220,Faya,SA,2022-10-18 00:29:33,18.3851,42.4509,59.11,29,33,4.21
221,Port Hedland,AU,2022-10-18 00:29:20,-20.3167,118.5667,80.65,18,13,20.71
222,Caravelas,BR,2022-10-18 00:29:34,-17.7125,-39.2481,74.17,82,5,7.02
223,Krasnyy Chikoy,RU,2022-10-18 00:29:34,50.3643,108.7512,24.55,47,27,3.58
224,Mehamn,NO,2022-10-18 00:30:34,71.0357,27.8492,40.95,87,75,20.71
225,Norman Wells,CA,2022-10-18 00:27:55,65.282,-126.8329,35.64,87,75,11.5
226,Hobart,AU,2022-10-18 00:27:01,-42.8794,147.3294,60.26,64,100,9.22
227,Codrington,AU,2022-10-18 00:30:35,-38.2667,141.9667,63.12,63,100,5.5
228,Mandalgovi,MN,2022-10-18 00:30:35,45.7625,106.2708,36.97,21,0,6.6
229,Tazmalt,DZ,2022-10-18 00:30:36,36.3868,4.3989,76.05,44,12,1.63
230,Saint-Francois,FR,2022-10-18 00:29:31,46.4154,3.9054,63.84,72,0,1.14
231,Tiksi,RU,2022-10-18 00:30:36,71.6872,128.8694,11.37,87,95,14.88
232,Xining,CN,2022-10-18 00:30:36,36.6167,101.7667,41.92,42,5,2.37
233,Galle,LK,2022-10-18 00:30:37,6.0367,80.217,76.37,90,100,7.2
234,Baiyin,CN,2022-10-18 00:30:37,36.5583,104.2081,50.63,28,0,2.48
235,Mogadishu,SO,2022-10-18 00:30:38,2.0371,45.3438,77.22,83,39,9.15
236,Kocevje,SI,2022-10-18 00:30:38,45.6433,14.8633,54.57,93,53,1.03
237,Clyde River,CA,2022-10-18 00:30:38,70.4692,-68.5914,25.03,93,100,10.36
238,Kamaishi,JP,2022-10-18 00:30:39,39.2667,141.8833,55.94,54,100,6.71
239,Bambous Virieux,MU,2022-10-18 00:30:39,-20.3428,57.7575,66.22,69,18,10.36
240,Las Juntas,MX,2022-10-18 00:30:39,19.4167,-104.7,80.13,97,100,1.79
241,Savannah Bight,HN,2022-10-18 00:30:40,16.45,-85.85,83.95,76,84,17.4
242,Gawler,AU,2022-10-18 00:30:40,-34.6,138.7333,65.71,82,100,11.7
243,Hirara,JP,2022-10-18 00:30:41,24.8,125.2833,73.26,88,75,32.21
244,Kabompo,ZM,2022-10-18 00:30:41,-13.5927,24.2008,65.93,51,88,3.38
245,Srandakan,ID,2022-10-18 00:30:41,-7.9386,110.2506,80.06,80,100,8.19
246,Pinega,RU,2022-10-18 00:30:42,64.7001,43.3936,41.67,90,100,12.39
247,Boysun,UZ,2022-10-18 00:30:42,38.2061,67.1986,56.88,52,100,3.89
248,Vardo,NO,2022-10-18 00:28:12,70.3705,31.1107,37.38,81,59,14.97
249,Kavieng,PG,2022-10-18 00:30:42,-2.5744,150.7967,83.14,75,80,15.14
250,Tulum,MX,2022-10-18 00:30:43,20.2167,-87.4667,78.06,85,93,4.29
251,Port Macquarie,AU,2022-10-18 00:30:43,-31.4333,152.9167,71.89,74,98,11.43
252,Togul,RU,2022-10-18 00:30:43,53.465,85.9128,40.08,88,100,7.85
253,Mumbwa,ZM,2022-10-18 00:30:44,-14.9783,27.0619,68.95,38,1,7.11
254,Sassandra,CI,2022-10-18 00:30:44,4.95,-6.0833,74.84,92,69,2.95
255,Lima,PE,2022-10-18 00:28:26,-12.0432,-77.0282,60.91,81,100,12.66
256,Vangaindrano,MG,2022-10-18 00:30:44,-23.35,47.6,69.76,78,62,2.98
257,Pucallpa,PE,2022-10-18 00:30:45,-8.3791,-74.5539,78.84,89,75,2.3
258,Nouakchott,MR,2022-10-18 00:30:45,18.0858,-15.9785,82.33,70,96,10.87
259,San Patricio,US,2022-10-18 00:30:45,28.017,-97.5169,71.89,54,14,11.61
260,Oblivskaya,RU,2022-10-18 00:30:46,48.5362,42.5014,41.58,62,14,4.97
261,Acapulco,MX,2022-10-18 00:26:05,16.8634,-99.8901,84.02,79,100,2.3
262,Prince Rupert,CA,2022-10-18 00:30:46,54.3161,-130.3201,55.49,94,100,32.21
263,Cockburn Town,TC,2022-10-18 00:26:25,21.4612,-71.1419,81.68,74,0,8.95
264,Asau,RO,2022-10-18 00:30:47,46.4333,26.4,38.32,74,6,3.76
265,Borazjan,IR,2022-10-18 00:30:47,29.2666,51.2159,79.32,36,11,1.43
266,Alofi,NU,2022-10-18 00:30:47,-19.0595,-169.9187,82.29,74,75,12.66
267,Talnakh,RU,2022-10-18 00:30:48,69.4865,88.3972,31.21,97,100,4.14
268,Salinas,US,2022-10-18 00:30:47,36.6777,-121.6555,76.48,63,0,11.5
269,Warman,CA,2022-10-18 00:30:07,52.3168,-106.5679,55.31,30,0,11.5
270,Kenai,US,2022-10-18 00:31:49,60.5544,-151.2583,49.08,86,20,0.0
271,Anshun,CN,2022-10-18 00:31:49,26.25,105.9333,55.47,57,7,7.27
272,Nanortalik,GL,2022-10-18 00:29:20,60.1432,-45.2371,36.81,76,100,6.6
273,Ouagadougou,BF,2022-10-18 00:31:42,12.3642,-1.5383,78.93,69,10,2.3
274,Greenville,US,2022-10-18 00:30:31,35.6127,-77.3663,72.12,64,0,8.05
275,Manosque,FR,2022-10-18 00:31:49,43.8288,5.7869,58.57,83,100,3.49
276,Shingu,JP,2022-10-18 00:31:50,33.7333,135.9833,72.66,53,17,3.49
277,Saint Anthony,US,2022-10-18 00:31:50,45.0205,-93.218,33.82,52,100,14.97
278,Bandarbeyla,SO,2022-10-18 00:31:50,9.4942,50.8122,76.46,82,0,5.21
279,Mecca,SA,2022-10-18 00:31:51,21.4267,39.8261,80.55,45,11,2.57
280,Shwebo,MM,2022-10-18 00:31:51,22.5667,95.7,76.08,87,81,3.56
281,Hamilton,US,2022-10-18 00:27:34,39.1834,-84.5333,43.45,53,68,5.99
282,Hambantota,LK,2022-10-18 00:30:44,6.1241,81.1185,75.54,100,20,5.75
283,Hegang,CN,2022-10-18 00:31:51,47.4,130.3667,39.29,38,0,11.97
284,Colac,AU,2022-10-18 00:31:52,-38.3333,143.5833,62.17,58,100,4.79
285,Niamey,NE,2022-10-18 00:31:52,13.5137,2.1098,82.69,44,6,5.75
286,Suhbaatar,MN,2022-10-18 00:31:52,50.2314,106.2078,32.43,35,100,3.36
287,Hovd,MN,2022-10-18 00:31:53,48.0056,91.6419,41.29,38,100,7.74
288,Ahipara,NZ,2022-10-18 00:29:32,-35.1667,173.1667,62.67,62,21,10.33
289,San Quintin,MX,2022-10-18 00:31:53,30.4833,-115.95,68.36,81,0,17.43
290,Oga,IT,2022-10-18 00:31:54,46.4631,10.347,43.68,80,13,1.32
291,Henties Bay,NA,2022-10-18 00:31:54,-22.116,14.2845,56.77,93,20,3.38
292,Shimoda,JP,2022-10-18 00:30:34,34.6667,138.95,66.56,84,100,9.22
293,Itarema,BR,2022-10-18 00:31:54,-2.9248,-39.9167,78.89,81,84,18.34
294,Sola,VU,2022-10-18 00:31:53,-13.8833,167.55,84.87,79,75,6.91
295,Shelton,US,2022-10-18 00:30:45,41.3165,-73.0932,64.42,86,75,11.5
296,North Bend,US,2022-10-18 00:30:08,43.4065,-124.2243,73.24,78,0,8.05
297,Te Anau,NZ,2022-10-18 00:31:55,-45.4167,167.7167,50.86,49,80,8.46
298,Inirida,CO,2022-10-18 00:31:55,3.8653,-67.9239,73.65,97,98,0.34
299,Guasdualito,VE,2022-10-18 00:31:56,7.2424,-70.7324,80.6,89,20,1.14
300,Beaverlodge,CA,2022-10-18 00:31:56,55.2166,-119.4361,65.55,33,92,4.65
301,Surt,LY,2022-10-18 00:29:07,31.2089,16.5887,72.07,69,4,5.61
302,Bijar,IR,2022-10-18 00:31:56,35.8668,47.6051,52.03,29,0,3.65
303,Sahuaripa,MX,2022-10-18 00:31:57,29.05,-109.2333,74.5,41,0,2.77
304,Bereda,ES,2022-10-18 00:31:57,43.2686,-7.5406,57.42,100,100,1.99
305,Gotsu,JP,2022-10-18 00:31:58,35.0,132.2167,57.52,83,100,15.61
306,Atar,MR,2022-10-18 00:31:58,20.5169,-13.0499,90.9,12,98,9.35
307,Westport,US,2022-10-18 00:29:54,41.1415,-73.3579,64.38,69,75,10.36
308,Novaya Bryan,RU,2022-10-18 00:31:58,51.7159,108.2691,32.0,47,70,1.52
309,Rondonopolis,BR,2022-10-18 00:31:59,-16.4708,-54.6356,85.41,32,24,3.27
310,Maridi,SS,2022-10-18 00:31:59,4.9158,29.4742,66.74,93,100,1.3
311,Hobyo,SO,2022-10-18 00:32:00,5.3505,48.5268,77.67,85,55,14.25
312,Tubuala,PA,2022-10-18 00:32:00,9.5167,-79.0333,79.34,84,100,5.03
313,Akdagmadeni,TR,2022-10-18 00:32:00,39.6603,35.8836,48.45,92,75,7.87
314,Borodyanka,UA,2022-10-18 00:32:01,50.6448,29.9201,52.5,65,62,7.23
315,Mmabatho,ZA,2022-10-18 00:32:01,-25.85,25.6333,60.76,88,94,3.44
316,Noumea,NC,2022-10-18 00:28:21,-22.2763,166.4572,84.18,65,87,7.81
317,Bocanda,CI,2022-10-18 00:33:02,7.0626,-4.4995,72.09,98,100,3.94
318,Tiarei,PF,2022-10-18 00:33:02,-17.5333,-149.3333,82.42,81,33,20.65
319,Ussel,FR,2022-10-18 00:33:02,45.55,2.3167,54.25,97,34,2.53
320,Outlook,CA,2022-10-18 00:33:03,51.5001,-107.0513,52.23,34,0,9.64
321,Sur,OM,2022-10-18 00:33:03,22.5667,59.5289,78.42,37,100,6.69
322,Lompoc,US,2022-10-18 00:33:04,34.6391,-120.4579,73.54,73,0,10.36
323,Kruisfontein,ZA,2022-10-18 00:33:04,-34.0033,24.7314,56.88,92,11,4.7
324,Cabangahan,PH,2022-10-18 00:33:04,9.0781,122.9469,80.38,81,100,4.56
325,Ranfurly,NZ,2022-10-18 00:33:05,-45.1333,170.1,46.11,91,65,8.03
326,Novobirilyussy,RU,2022-10-18 00:33:05,56.9514,90.6661,38.71,96,100,11.21
327,Smithers,CA,2022-10-18 00:29:33,54.7804,-127.1743,57.52,62,75,0.0
328,Rudnogorsk,RU,2022-10-18 00:33:06,57.2639,103.7519,33.26,78,100,7.31
329,Solano,US,2022-10-18 00:33:06,38.2333,-121.9511,79.12,43,0,0.0
330,Tapes,BR,2022-10-18 00:33:06,-30.6733,-51.3958,63.32,90,100,18.39
331,Terra Santa,BR,2022-10-18 00:33:07,-2.1042,-56.4869,74.03,97,80,2.95
332,Zhaozhou,CN,2022-10-18 00:33:07,45.6833,125.3167,39.45,33,0,7.67
333,Pemangkat,ID,2022-10-18 00:33:08,1.1667,108.9667,80.01,83,99,4.27
334,Svetlyy,RU,2022-10-18 00:33:08,54.675,20.1347,64.45,81,100,15.55
335,Copiapo,CL,2022-10-18 00:32:11,-27.3667,-70.3333,51.49,54,0,2.24
336,Ribeira Grande,PT,2022-10-18 00:31:46,38.5167,-28.7,59.77,68,29,5.99
337,College,US,2022-10-18 00:31:46,64.8569,-147.8028,42.8,74,75,4.61
338,Corinto,GR,2022-10-18 00:32:05,37.9407,22.9573,64.89,67,0,17.16
339,Xicotencatl,MX,2022-10-18 00:33:09,23.0167,-98.8833,85.19,74,100,10.09
340,Alyangula,AU,2022-10-18 00:33:09,-13.8483,136.4192,86.02,60,39,11.18
341,Chabahar,IR,2022-10-18 00:33:09,25.2919,60.643,78.93,69,100,5.3
342,Alappuzha,IN,2022-10-18 00:33:10,9.49,76.3264,77.0,95,100,9.04
343,Awjilah,LY,2022-10-18 00:33:10,29.1081,21.2869,62.94,72,6,10.33
344,Podgornoye,RU,2022-10-18 00:33:10,51.735,39.1496,46.62,71,0,4.47
345,Kaseda,JP,2022-10-18 00:33:11,31.4167,130.3167,65.82,64,60,17.02
346,Puerto Escondido,MX,2022-10-18 00:33:11,15.85,-97.0667,83.23,57,75,3.44
347,Taber,CA,2022-10-18 00:33:11,49.8167,-112.1518,73.4,25,6,4.61
348,Pocatello,US,2022-10-18 00:33:12,42.8713,-112.4455,73.31,26,0,3.44
349,Baker City,US,2022-10-18 00:32:51,44.7749,-117.8344,73.11,17,0,6.91
350,Mount Isa,AU,2022-10-18 00:27:01,-20.7333,139.5,90.9,35,81,10.6
351,Kalnibolotskaya,RU,2022-10-18 00:33:12,46.0058,40.4568,46.56,76,0,7.87
352,Nueva Loja,EC,2022-10-18 00:33:13,0.0847,-76.8828,70.84,93,72,2.19
353,Kiunga,PG,2022-10-18 00:28:07,-6.1219,141.2906,75.69,97,100,2.48
354,Jinchang,CN,2022-10-18 00:33:13,38.4953,102.1739,51.55,18,0,1.74
355,Lloydminster,CA,2022-10-18 00:33:13,53.2835,-110.0016,62.82,34,20,9.22
356,Menongue,AO,2022-10-18 00:33:14,-14.6585,17.691,63.91,68,100,0.92
357,Klaksvik,FO,2022-10-18 00:33:14,62.2266,-6.589,43.72,75,84,17.25
358,Hit,IQ,2022-10-18 00:33:14,33.6416,42.8251,77.23,20,0,5.21
359,Bosaso,SO,2022-10-18 00:32:39,11.2842,49.1816,77.88,72,0,7.09
360,Jaisalmer,IN,2022-10-18 00:33:15,26.9147,70.9181,76.06,27,0,11.01
361,Kurilsk,RU,2022-10-18 00:33:16,45.2333,147.8833,47.19,55,54,19.39
362,Nayoro,JP,2022-10-18 00:34:16,44.3506,142.4578,45.57,69,58,8.81
363,Vila Franca Do Campo,PT,2022-10-18 00:34:03,37.7167,-25.4333,57.61,72,37,20.2
364,Gap,FR,2022-10-18 00:34:17,44.6667,6.0,44.83,81,72,3.22
365,Naze,JP,2022-10-18 00:33:01,28.3667,129.4833,65.32,75,100,22.5
366,Saint-Augustin,CA,2022-10-18 00:27:01,51.226,-58.6502,47.17,90,95,6.33
367,Rayong,TH,2022-10-18 00:34:17,12.8333,101.4333,78.85,99,88,8.63
368,Xapuri,BR,2022-10-18 00:32:50,-10.6517,-68.5044,76.86,66,58,0.92
369,San Cristobal,VE,2022-10-18 00:30:20,7.7669,-72.225,69.98,97,100,0.83
370,Kendari,ID,2022-10-18 00:34:18,-3.945,122.4989,83.8,74,83,4.79
371,Bayji,IQ,2022-10-18 00:34:18,34.9311,43.487,77.67,17,0,5.14
372,Tinosu,RO,2022-10-18 00:34:19,44.8167,26.0167,48.47,88,0,2.71
373,Necochea,AR,2022-10-18 00:30:07,-38.5473,-58.7368,50.22,85,77,13.11
374,Kaabong,UG,2022-10-18 00:34:19,3.4836,34.1492,65.39,74,54,11.39
375,Trairi,BR,2022-10-18 00:31:18,-3.2778,-39.2689,78.76,81,100,13.09
376,Taoudenni,ML,2022-10-18 00:34:20,22.6783,-3.9836,84.79,14,6,13.58
377,Dukat,RU,2022-10-18 00:34:20,62.55,155.55,0.84,95,100,9.01
378,Berja,ES,2022-10-18 00:34:20,36.8469,-2.9497,75.76,49,28,4.25
379,Balancan,MX,2022-10-18 00:32:32,17.8,-91.5333,80.35,83,100,0.74
380,Natal,BR,2022-10-18 00:29:51,-5.795,-35.2094,77.65,78,40,12.66
381,Panzhihua,CN,2022-10-18 00:34:21,26.5851,101.7128,59.74,84,100,0.58
382,Amapa,BR,2022-10-18 00:34:21,1.0,-52.0,71.47,99,100,2.28
383,Kawalu,ID,2022-10-18 00:34:22,-7.3817,108.2082,76.89,85,100,2.59
384,Cabo San Lucas,MX,2022-10-18 00:25:46,22.8909,-109.9124,83.61,68,40,2.3
385,Blairmore,CA,2022-10-18 00:30:07,49.6,-114.4353,67.87,20,7,6.91
386,The Valley,AI,2022-10-18 00:27:47,18.217,-63.0578,81.1,73,15,8.77
387,Sarandi,BR,2022-10-18 00:34:22,-23.4436,-51.8739,71.15,83,75,13.8
388,Leh,IN,2022-10-18 00:34:23,34.1667,77.5833,35.26,75,100,4.56
389,Dunedin,NZ,2022-10-18 00:34:23,-45.8742,170.5036,50.81,70,94,10.0
390,Fort Smith,US,2022-10-18 00:31:08,35.3859,-94.3986,57.24,29,0,6.91
391,Belyy Yar,RU,2022-10-18 00:34:23,53.6039,91.3903,40.89,81,0,13.42
392,Aksu,CN,2022-10-18 00:33:07,41.1231,80.2644,52.07,24,77,2.75
393,Benton Harbor,US,2022-10-18 00:34:24,42.1167,-86.4542,44.11,79,100,21.99
394,Lamar,US,2022-10-18 00:34:24,33.6668,-95.5836,58.35,36,0,9.22
395,Baie-Saint-Paul,CA,2022-10-18 00:34:25,47.4411,-70.4986,57.18,75,100,4.54
396,Kropotkin,RU,2022-10-18 00:31:22,45.4375,40.5756,47.26,94,0,8.05
397,Gambela,ET,2022-10-18 00:34:25,8.25,34.5833,69.08,96,100,3.02
398,Ulaangom,MN,2022-10-18 00:34:25,49.9811,92.0667,35.08,52,100,2.42
399,Saulkrasti,LV,2022-10-18 00:34:26,57.2622,24.4147,53.91,96,100,12.35
400,Fort Saint James,CA,2022-10-18 00:32:16,54.4333,-124.25,56.17,52,100,2.08
401,Tahta,EG,2022-10-18 00:34:26,26.7693,31.5021,70.95,50,0,7.52
402,Pozo Colorado,PY,2022-10-18 00:34:27,-23.4923,-58.7972,67.75,85,79,8.79
403,Xiangxiang,CN,2022-10-18 00:34:27,27.7333,112.5333,64.81,44,7,10.71
404,Roald,NO,2022-10-18 00:34:27,62.5833,6.1333,49.75,87,20,9.22
405,Comodoro Rivadavia,AR,2022-10-18 00:28:17,-45.8667,-67.5,71.46,28,0,9.22
406,Honiara,SB,2022-10-18 00:34:28,-9.4333,159.95,86.95,64,17,6.6
407,Bendigo,AU,2022-10-18 00:34:28,-36.7667,144.2833,58.64,59,100,3.38
408,Jibuti,DJ,2022-10-18 00:34:28,11.5,42.5,74.16,76,4,12.17
409,Primorsk,UA,2022-10-18 00:34:29,46.7348,36.3443,48.99,57,7,8.57
410,Christchurch,NZ,2022-10-18 00:33:22,-43.5333,172.6333,64.6,46,48,4.61
411,Maniitsoq,GL,2022-10-18 00:35:29,65.4167,-52.9,37.72,94,100,16.08
412,Kaoma,ZM,2022-10-18 00:35:30,-14.7833,24.8,65.5,37,75,4.38
413,Honningsvag,NO,2022-10-18 00:35:30,70.9821,25.9704,40.75,81,75,19.57
414,Surgut,RU,2022-10-18 00:33:24,61.25,73.4167,39.38,100,100,4.47
415,Shache,CN,2022-10-18 00:35:30,38.4167,77.2406,52.65,18,100,0.72
416,Aras,ES,2022-10-18 00:35:31,42.5617,-2.356,59.41,88,0,5.75
417,Port Lincoln,AU,2022-10-18 00:35:31,-34.7333,135.8667,58.12,91,100,16.22
418,Port Hardy,CA,2022-10-18 00:30:14,50.6996,-127.4199,57.38,77,75,4.61
419,Brae,GB,2022-10-18 00:35:31,60.3964,-1.353,49.68,79,98,16.55
420,Chimbote,PE,2022-10-18 00:29:24,-9.0853,-78.5783,61.48,83,51,7.94
421,Badia Polesine,IT,2022-10-18 00:35:32,45.0972,11.4916,60.91,71,3,3.91
422,Cabedelo,BR,2022-10-18 00:33:10,-6.9811,-34.8339,77.67,79,22,13.85
423,Teahupoo,PF,2022-10-18 00:35:32,-17.8333,-149.2667,76.96,81,44,19.19
424,Camopi,GF,2022-10-18 00:35:32,3.1655,-52.3158,73.11,97,36,3.2
425,Lethem,GY,2022-10-18 00:31:48,3.3803,-59.7968,77.04,87,100,4.74
426,Baijiantan,CN,2022-10-18 00:35:33,45.6333,85.1833,58.17,51,100,4.47
427,Grimsby,GB,2022-10-18 00:35:33,53.5654,-0.0755,50.02,87,0,11.5
428,Ariquemes,BR,2022-10-18 00:35:33,-9.9133,-63.0408,76.32,77,68,2.55
429,Ancud,CL,2022-10-18 00:28:17,-41.8697,-73.8203,53.94,84,1,2.77
430,Shitanjing,CN,2022-10-18 00:35:34,39.2342,106.3439,47.66,21,0,3.51
431,Luderitz,NA,2022-10-18 00:35:34,-26.6481,15.1594,59.61,80,97,9.35
432,Ola,RU,2022-10-18 00:35:34,59.5833,151.2833,24.12,57,100,16.17
433,Drummondville,CA,2022-10-18 00:33:18,45.8834,-72.4824,52.72,88,100,1.99
434,Celestun,MX,2022-10-18 00:35:35,20.8667,-90.4,80.73,83,63,11.34
435,Belawan,ID,2022-10-18 00:35:35,3.7755,98.6832,77.29,81,96,3.11
436,Hantsport,CA,2022-10-18 00:35:36,45.0668,-64.1654,60.69,92,100,5.99
437,La Rioja,ES,2022-10-18 00:34:14,42.25,-2.5,55.18,74,5,7.23
438,Chulman,RU,2022-10-18 00:35:36,56.8479,124.9104,23.77,90,100,6.96
439,Burns Lake,CA,2022-10-18 00:31:51,54.2331,-125.7533,58.42,62,100,2.84
440,Lugovoy,KZ,2022-10-18 00:35:36,42.9472,72.7644,49.28,91,100,3.27
441,Lavrentiya,RU,2022-10-18 00:35:37,65.5833,-171.0,31.98,76,81,7.83
442,Szczytno,PL,2022-10-18 00:35:37,53.5626,20.9875,55.33,94,0,5.75
443,Trojes,AL,2022-10-18 00:35:37,41.756,19.962,46.89,47,0,7.0
444,Rio Brilhante,BR,2022-10-18 00:33:16,-21.8019,-54.5464,65.73,96,100,3.31
445,Yelan-Kolenovskiy,RU,2022-10-18 00:35:38,51.1632,41.151,45.63,65,99,11.86
446,San Carlos De Bariloche,AR,2022-10-18 00:35:38,-41.1456,-71.3082,55.15,47,75,8.05
447,Rae Bareli,IN,2022-10-18 00:35:38,26.2167,81.2333,70.23,71,0,4.38
448,Omsukchan,RU,2022-10-18 00:35:39,62.5333,155.8,0.23,98,100,9.71
449,Pangody,RU,2022-10-18 00:35:39,65.85,74.4859,36.23,93,100,8.57
450,Virginia Beach,US,2022-10-18 00:33:41,36.8529,-75.978,66.24,93,100,6.91
451,Kokomo,US,2022-10-18 00:31:28,40.4864,-86.1336,39.92,71,100,21.85
452,Samarai,PG,2022-10-18 00:28:19,-10.6167,150.6667,83.71,75,93,13.22
453,Folldal,NO,2022-10-18 00:35:40,62.1325,9.9968,33.91,93,69,3.36
454,Qandala,SO,2022-10-18 00:35:40,11.472,49.8728,78.48,64,0,1.77
455,Bathsheba,BB,2022-10-18 00:34:18,13.2167,-59.5167,81.21,83,20,10.36
456,Koumac,NC,2022-10-18 00:34:13,-20.5667,164.2833,80.4,63,0,10.45
457,Whitehorse,CA,2022-10-18 00:36:40,60.7161,-135.0538,50.77,74,40,8.05
458,Opochka,RU,2022-10-18 00:36:41,56.7105,28.6617,45.95,89,100,4.85
459,Bilibino,RU,2022-10-18 00:30:35,68.0546,166.4372,-0.49,96,80,2.13
460,Nova Olinda Do Norte,BR,2022-10-18 00:36:41,-3.8881,-59.0942,73.74,95,100,1.77
461,Iqaluit,CA,2022-10-18 00:36:41,63.7506,-68.5145,29.93,68,75,10.36
462,Lipin Bor,RU,2022-10-18 00:36:42,60.2622,37.9763,45.88,84,100,14.74
463,Yuxia,CN,2022-10-18 00:36:42,34.0615,108.6291,48.81,46,1,2.33
464,Beira,MZ,2022-10-18 00:35:56,-19.8436,34.8389,73.6,83,5,3.69
465,Sistranda,NO,2022-10-18 00:36:43,63.7256,8.834,42.76,81,94,9.17
466,Minna,NG,2022-10-18 00:36:43,9.6139,6.5569,72.66,66,96,2.86
467,Yinchuan,CN,2022-10-18 00:36:43,38.4681,106.2731,50.94,21,0,1.9
468,Nagato,JP,2022-10-18 00:36:44,34.3833,131.2,60.89,76,100,22.15
469,Canakkale,TR,2022-10-18 00:36:44,40.0833,26.8333,55.98,84,100,18.34
470,Bauchi,NG,2022-10-18 00:36:44,10.5,10.0,72.01,38,10,2.64
471,Chimore,BO,2022-10-18 00:36:44,-16.9833,-65.1333,74.77,70,9,2.28
472,Kumbo,CM,2022-10-18 00:36:45,6.2,10.6667,58.62,87,94,1.59
473,Denizli,TR,2022-10-18 00:36:45,37.8402,29.0698,57.56,85,4,3.85
474,Zhob,PK,2022-10-18 00:35:46,31.3411,69.4481,61.65,25,0,2.13
475,Sinop,TR,2022-10-18 00:32:40,41.7711,34.8709,52.43,91,90,1.92
476,Kerema,PG,2022-10-18 00:36:46,-7.9631,145.7785,84.13,74,100,9.48
477,Dekar,BW,2022-10-18 00:36:46,-21.5333,21.9333,63.46,64,22,12.19
478,Belaya Gora,RU,2022-10-18 00:36:46,68.5333,146.4167,16.27,89,93,0.63
479,Port Keats,AU,2022-10-18 00:28:18,-14.25,129.55,87.26,62,46,7.4
480,Ifanadiana,MG,2022-10-18 00:36:47,-21.3,47.6333,58.42,96,41,2.48
481,Daru,PG,2022-10-18 00:36:47,-9.0763,143.2092,81.68,82,100,8.16
482,Eyl,SO,2022-10-18 00:36:47,7.9803,49.8164,77.14,80,3,3.6
483,Najran,SA,2022-10-18 00:33:31,17.4924,44.1277,63.25,28,100,1.34
484,Tias,ES,2022-10-18 00:36:48,28.9611,-13.645,69.48,83,0,4.61
485,Ostrovnoy,RU,2022-10-18 00:36:49,68.0531,39.5131,44.02,86,98,22.26
486,Eagle Pass,US,2022-10-18 00:36:21,28.7091,-100.4995,66.78,86,75,6.91
487,Togur,RU,2022-10-18 00:36:49,58.3631,82.8265,33.8,99,100,2.84
488,Santiago De Cao,PE,2022-10-18 00:36:50,-7.9589,-79.2392,60.93,82,100,9.22
489,Khor,RU,2022-10-18 00:36:50,47.8861,134.9464,37.42,50,4,15.5
490,Wagar,SD,2022-10-18 00:36:50,16.1525,36.2032,82.15,63,9,2.15
491,Ambunti,PG,2022-10-18 00:36:51,-4.2365,142.8448,87.42,65,77,2.21
492,Emerald,AU,2022-10-18 00:36:51,-23.5333,148.1667,77.34,64,100,15.64
493,Tilichiki,RU,2022-10-18 00:36:51,60.4667,166.1,28.45,96,100,10.76
494,Shetpe,KZ,2022-10-18 00:36:52,44.1667,52.1167,50.63,52,100,4.54
495,Phalombe,MW,2022-10-18 00:36:52,-15.8064,35.6507,67.24,74,12,3.71
496,Taltal,CL,2022-10-18 00:36:52,-25.4,-70.4833,59.7,73,0,4.38
497,Meulaboh,ID,2022-10-18 00:28:50,4.1363,96.1285,75.87,84,84,3.71
498,Mastic Beach,US,2022-10-18 00:27:02,40.7668,-72.8521,63.54,94,100,11.01
499,Pundaguitan,PH,2022-10-18 00:36:53,6.3711,126.1689,83.5,73,100,3.27
500,Nchelenge,ZM,2022-10-18 00:36:53,-9.3451,28.734,72.19,75,77,4.0
501,Skrunda,LV,2022-10-18 00:36:53,56.6833,22.0167,57.24,97,100,10.45
502,Weligama,LK,2022-10-18 00:36:54,5.9667,80.4167,75.47,91,98,6.8
503,Brigantine,US,2022-10-18 00:37:38,39.4101,-74.3646,64.02,87,100,7.0
504,San Antero,CO,2022-10-18 00:37:54,9.3741,-75.7589,78.64,86,100,7.74
505,Barillas,GT,2022-10-18 00:37:55,15.8036,-91.3158,63.09,98,100,2.59
506,Oktyabrskoye,RU,2022-10-18 00:37:55,43.0645,44.7417,48.34,93,100,4.47
507,Kamina,CD,2022-10-18 00:37:55,-8.7386,24.9906,64.62,92,100,5.35
508,Quebrada Larga,HN,2022-10-18 00:37:56,14.1,-86.3667,74.14,81,100,1.25
509,Grand Gaube,MU,2022-10-18 00:37:54,-20.0064,57.6608,66.38,74,78,3.0
510,Aden,YE,2022-10-18 00:37:56,12.7794,45.0367,82.8,64,0,11.39
511,Tres Arroyos,AR,2022-10-18 00:32:59,-38.3739,-60.2798,56.57,48,100,13.91
512,Puri,IN,2022-10-18 00:37:56,19.8,85.85,75.72,72,10,7.14
513,Oliva,ES,2022-10-18 00:37:57,38.9197,-0.1194,72.34,90,28,3.38
514,Batman,TR,2022-10-18 00:37:57,37.8874,41.1322,64.2,48,75,6.91
515,Agirish,RU,2022-10-18 00:37:57,61.9247,63.0231,41.22,90,100,8.55
516,Polur,IN,2022-10-18 00:37:58,12.5,79.1333,74.44,92,100,2.93
517,Adavere,EE,2022-10-18 00:37:58,58.7086,25.8994,43.86,95,100,3.04
518,Berlevag,NO,2022-10-18 00:37:05,70.8578,29.0864,41.0,87,75,16.11
519,Los Zacatones,MX,2022-10-18 00:37:58,22.95,-102.05,72.48,34,67,16.37
520,Sarakhs,IR,2022-10-18 00:37:59,36.5449,61.1577,61.77,46,0,8.12
521,Ascension,US,2022-10-18 00:37:59,30.2169,-90.9001,69.01,63,0,8.05
522,Bousso,TD,2022-10-18 00:37:59,10.4795,16.7117,74.5,76,25,5.59
523,Feltre,IT,2022-10-18 00:38:00,46.0235,11.907,57.92,90,17,4.7
524,Yar-Sale,RU,2022-10-18 00:37:59,66.8333,70.8333,34.81,91,53,13.42
525,Calatayud,ES,2022-10-18 00:38:00,41.3535,-1.6432,63.1,75,1,4.74
526,Svetlogorsk,BY,2022-10-18 00:30:34,52.6333,29.7333,52.68,94,65,8.93
527,Soyo,AO,2022-10-18 00:38:00,-6.1349,12.3689,76.53,88,16,10.04
528,Anacortes,US,2022-10-18 00:33:41,48.5126,-122.6127,64.9,74,0,4.61
529,Yataity,PY,2022-10-18 00:38:01,-26.3667,-56.0667,64.27,85,100,4.14
530,Mwinilunga,ZM,2022-10-18 00:38:01,-11.7358,24.4293,65.48,57,90,3.96
531,Lorengau,PG,2022-10-18 00:38:02,-2.0226,147.2712,83.43,77,98,10.87
532,Tanete,ID,2022-10-18 00:38:02,-3.9443,119.7848,77.27,94,98,0.47
533,Atoyac,MX,2022-10-18 00:38:03,20.0167,-103.5333,65.82,92,100,3.0
534,Komsomolskiy,UZ,2022-10-18 00:38:03,40.4272,71.7189,60.4,47,100,4.43
535,Porto Novo,BJ,2022-10-18 00:38:03,6.4965,2.6036,80.42,90,100,4.97
536,Nhulunbuy,AU,2022-10-18 00:38:04,-12.2333,136.7667,86.61,62,40,12.66
537,Sabzevar,IR,2022-10-18 00:38:04,36.2126,57.6819,60.08,41,0,6.91
538,Rawson,AR,2022-10-18 00:38:05,-43.3002,-65.1023,58.32,62,0,24.49
539,Jega,NG,2022-10-18 00:38:05,12.2175,4.3792,78.39,33,6,6.42
540,Fuling,CN,2022-10-18 00:38:06,29.7022,107.3919,68.43,52,8,2.46
541,Pontes E Lacerda,BR,2022-10-18 00:38:06,-15.2261,-59.3353,75.51,71,100,1.66
542,Envira,BR,2022-10-18 00:38:07,-7.3,-70.2167,73.29,95,91,1.61
543,Aleksandrovsk-Sakhalinskiy,RU,2022-10-18 00:38:07,50.8975,142.1561,36.68,65,100,17.22
544,Tabou,CI,2022-10-18 00:38:07,4.423,-7.3528,76.28,89,100,4.79
545,Port Blair,IN,2022-10-18 00:28:14,11.6667,92.75,77.04,94,75,2.3
